{
    "instance_name": "apriltag_detector",
    "subtopic": "apriltag_pose",
    "interval_ms": 30,
    "service_type": "processor_apriltag_detector",
    "video_file": "/dev/v4l/by-id/usb-046d_Logitech_BRIO_21907239-video-index0",
    "camera_resolution": [1920, 1080],
    "camera_params": [1671.54341, 1671.85974, 965.961258, 536.318076],
    "dist_params": [0.24306313, -0.88091541, -0.0028385, 0.00149656, 1.42297868],
    "apriltag_family": "tag36h11",
    "tag_size": 0.15,
    "num_detector_threads": 4,
    "quad_decimate": 1.0,
    "quad_sigma": 0.0,
    "refine_edges": 1,
    "decode_sharpening": 0.25,
    "apriltag_locations": 
        {
         "0":  [[ 1,  0,  0,  0.0000], 
                [ 0,  0,  1,  0.0000], 
                [ 0, -1,  0,  0.0000], 
                [ 0,  0,  0,  1.0000]],
         "6":  [[ 0,  0, -1,  3.4480], 
                [ 0,  1,  0,  1.5200], 
                [ 1,  0,  0,  0.5920], 
                [ 0,  0,  0,  1.0000]],
         "7":  [[ 0,  0, -1,  3.4480], 
                [ 0,  1,  0,  1.5650], 
                [ 1,  0,  0, -1.2410], 
                [ 0,  0,  0,  1.0000]],
         "8":  [[ 1,  0,  0,  2.4360], 
                [ 0,  1,  0,  1.2600], 
                [ 0,  0,  1, -3.6250], 
                [ 0,  0,  0,  1.0000]],
         "9":  [[ 1,  0,  0,  0.5680], 
                [ 0,  1,  0,  1.6760], 
                [ 0,  0,  1, -3.7150], 
                [ 0,  0,  0,  1.0000]],
         "10": [[ 0,  0,  1, -2.7680], 
                [ 0,  1,  0,  1.6450], 
                [-1,  0,  0, -1.9610], 
                [ 0,  0,  0,  1.0000]],
         "11": [[-1,  0,  0, -0.1550], 
                [ 0,  1,  0,  1.5490], 
                [ 0,  0, -1,  2.4000], 
                [ 0,  0,  0,  1.0000]]
        }
}

